mode,model,subject,n,n_stress,balanced_accuracy,macro_f1,roc_auc
baseline,hr:lr,S2,123,27,0.6961805555555556,0.7232223222322232,0.9197530864197532
baseline,hr:lr,S3,122,41,0.9382716049382716,0.9127574370709381,0.9716952725082807
baseline,hr:lr,S4,137,40,0.9690721649484536,0.9491588322612567,1.0
baseline,hr:lr,S5,124,29,0.9736842105263157,0.9468039468039469,1.0
baseline,hr:lr,S6,139,41,0.7600796416127427,0.7858543417366948,0.9494773519163764
baseline,hr:lr,S7,130,31,0.994949494949495,0.9895254209975022,1.0
baseline,hr:lr,S8,136,38,0.9715359828141783,0.9640496960084588,0.9922126745435016
baseline,hr:lr,S9,139,40,0.6290404040404041,0.63177618401499,0.672979797979798
baseline,hr:lr,S10,143,45,0.7393424036281179,0.7684835402050729,0.8945578231292517
baseline,hr:lr,S11,121,22,0.9065656565656566,0.8926353149955635,0.9825528007346189
baseline,hr:lr,S13,137,38,0.9848484848484849,0.9733203505355404,1.0
baseline,hr:lr,S14,141,42,0.8535353535353536,0.7858825993611562,1.0
baseline,hr:lr,S15,142,43,0.6476391825229035,0.6619047619047619,0.7373737373737375
baseline,hr:lr,S16,142,43,0.8838383838383839,0.8287811271297509,1.0
baseline,hr:lr,S17,141,43,0.9336734693877551,0.8988243086603742,1.0
baseline,hr:xgb,S2,123,27,0.7332175925925926,0.7593478260869566,0.8680555555555556
baseline,hr:xgb,S3,122,41,0.9320987654320987,0.9044363739941608,0.9656729900632339
baseline,hr:xgb,S4,137,40,0.9587628865979381,0.9330400782013686,0.9922680412371134
baseline,hr:xgb,S5,124,29,0.9736842105263157,0.9468039468039469,1.0
baseline,hr:xgb,S6,139,41,0.8006470881035341,0.8113975576662145,0.9474863115978099
baseline,hr:xgb,S7,130,31,0.9848484848484849,0.9692307692307693,1.0
baseline,hr:xgb,S8,136,38,0.9664339419978518,0.9554010625040992,0.9825456498388829
baseline,hr:xgb,S9,139,40,0.663888888888889,0.6588119783996073,0.6597222222222221
baseline,hr:xgb,S10,143,45,0.7615646258503401,0.7919312169312169,0.8400226757369615
baseline,hr:xgb,S11,121,22,0.9065656565656566,0.8926353149955635,0.9756657483930211
baseline,hr:xgb,S13,137,38,0.9747474747474747,0.9561824345934882,0.9976076555023923
baseline,hr:xgb,S14,141,42,0.8535353535353536,0.7858825993611562,1.0
baseline,hr:xgb,S15,142,43,0.6840498003288701,0.7039199332777315,0.7408973455485084
baseline,hr:xgb,S16,142,43,0.8838383838383839,0.8287811271297509,1.0
baseline,hr:xgb,S17,141,43,0.9183673469387755,0.8771241830065359,0.9981015662078784
baseline,hrv:lr,S2,88,0,nan,0.4358974358974359,nan
baseline,hrv:lr,S3,68,21,0.8723404255319149,0.8157181571815718,0.9939209726443768
baseline,hrv:lr,S4,110,13,0.6938937351308485,0.5416666666666666,0.6835844567803331
baseline,hrv:lr,S5,90,0,nan,0.40397350993377484,nan
baseline,hrv:lr,S6,92,10,0.4146341463414634,0.425,0.4621951219512195
baseline,hrv:lr,S7,95,0,nan,0.4378698224852071,nan
baseline,hrv:lr,S8,103,5,0.41836734693877553,0.44324324324324327,0.5040816326530613
baseline,hrv:lr,S9,122,26,0.3125,0.32967032967032966,0.22315705128205132
baseline,hrv:lr,S10,138,41,0.41237113402061853,0.3669724770642202,0.2564747296957506
baseline,hrv:lr,S11,99,1,0.8775510204081632,0.4686940966010733,0.7653061224489796
baseline,hrv:lr,S13,99,9,0.5277777777777778,0.512969588550984,0.4185185185185185
baseline,hrv:lr,S14,124,25,0.8686868686868687,0.7533659730722154,0.9757575757575757
baseline,hrv:lr,S15,108,24,0.4375,0.4375,0.3814484126984127
baseline,hrv:lr,S16,110,30,0.7625,0.6503847440615591,0.9954166666666667
baseline,hrv:lr,S17,106,15,0.8076923076923077,0.6117216117216118,1.0
baseline,hrv:xgb,S2,88,0,nan,0.4430379746835443,nan
baseline,hrv:xgb,S3,68,21,0.848530901722391,0.7990452375539896,0.9726443768996962
baseline,hrv:xgb,S4,110,13,0.3917525773195876,0.40860215053763443,0.24385408406026965
baseline,hrv:xgb,S5,90,0,nan,0.4409937888198758,nan
baseline,hrv:xgb,S6,92,10,0.4024390243902439,0.4177215189873418,0.5439024390243903
baseline,hrv:xgb,S7,95,0,nan,0.4602272727272727,nan
baseline,hrv:xgb,S8,103,5,0.5081632653061224,0.48122710622710624,0.4051020408163265
baseline,hrv:xgb,S9,122,26,0.5248397435897436,0.5215686274509804,0.4559294871794872
baseline,hrv:xgb,S10,138,41,0.4850389741010812,0.44744744744744747,0.3814432989690722
baseline,hrv:xgb,S11,99,1,0.3826530612244898,0.43103448275862066,0.12244897959183676
baseline,hrv:xgb,S13,99,9,0.6388888888888888,0.5840336134453781,0.6685185185185185
baseline,hrv:xgb,S14,124,25,0.4537373737373738,0.4555173730431462,0.38484848484848483
baseline,hrv:xgb,S15,108,24,0.5089285714285714,0.5,0.5595238095238095
baseline,hrv:xgb,S16,110,30,0.8791666666666667,0.8348348348348349,0.9841666666666666
baseline,hrv:xgb,S17,106,15,0.8901098901098901,0.7382716049382716,0.9970695970695971
baseline,eda:lr,S2,135,39,0.5560897435897436,0.5387385723520177,0.937232905982906
baseline,eda:lr,S3,138,41,0.6623082725672618,0.6805555555555556,0.7467940658788031
baseline,eda:lr,S4,137,40,0.9948453608247423,0.9912364869186976,1.0
baseline,eda:lr,S5,140,40,0.9550000000000001,0.9258779928231072,1.0
baseline,eda:lr,S6,139,41,0.9285714285714286,0.8886217948717949,1.0
baseline,eda:lr,S7,139,40,0.9848484848484849,0.9742354031510658,1.0
baseline,eda:lr,S8,140,42,0.9642857142857143,0.9430199430199431,0.9978134110787172
baseline,eda:lr,S9,139,40,0.9898989898989898,0.982702837232454,1.0
baseline,eda:lr,S10,143,45,0.9948979591836735,0.991941391941392,1.0
baseline,eda:lr,S11,142,43,0.6744186046511628,0.6966737870003052,0.9882546394174301
baseline,eda:lr,S13,141,42,0.9646464646464646,0.9432138542086186,0.9571909571909573
baseline,eda:lr,S14,141,42,0.5274170274170273,0.4894827586206897,0.8958633958633959
baseline,eda:lr,S15,143,44,0.9343434343434344,0.9005084292213006,1.0
baseline,eda:lr,S16,142,43,0.9393939393939394,0.9065174456879526,1.0
baseline,eda:lr,S17,144,46,0.54924578527063,0.5071707953063885,0.8509316770186335
baseline,eda:xgb,S2,135,39,0.6382211538461539,0.6527777777777778,0.9296207264957265
baseline,eda:xgb,S3,138,41,0.6655770681418155,0.6863636363636363,0.8066381694744783
baseline,eda:xgb,S4,137,40,0.9484536082474226,0.9172705314009661,1.0
baseline,eda:xgb,S5,140,40,0.9650000000000001,0.941635399916622,1.0
baseline,eda:xgb,S6,139,41,0.9489795918367347,0.918770453482936,0.9987555998008959
baseline,eda:xgb,S7,139,40,0.9646464646464646,0.9414455076126858,1.0
baseline,eda:xgb,S8,140,42,0.9574829931972789,0.9423495499735279,0.9963556851311952
baseline,eda:xgb,S9,139,40,1.0,1.0,1.0
baseline,eda:xgb,S10,143,45,0.950453514739229,0.9587015537457402,0.9927437641723357
baseline,eda:xgb,S11,142,43,0.614282358468405,0.6196428571428572,0.8332158797275077
baseline,eda:xgb,S13,141,42,0.9393939393939394,0.905241935483871,0.9600769600769601
baseline,eda:xgb,S14,141,42,0.5274170274170273,0.4894827586206897,0.7681577681577682
baseline,eda:xgb,S15,143,44,0.9090909090909092,0.8650943396226416,0.9862258953168044
baseline,eda:xgb,S16,142,43,0.9444444444444444,0.9138872043662826,1.0
baseline,eda:xgb,S17,144,46,0.6311002661934338,0.6360222430851448,0.785603371783496
baseline,temp:lr,S2,135,39,0.8697916666666667,0.8037904772978315,0.9981303418803419
baseline,temp:lr,S3,138,41,0.7806135277847623,0.7423479490806224,0.7498114156399296
baseline,temp:lr,S4,137,40,0.9278350515463918,0.8866430260047282,0.9974226804123711
baseline,temp:lr,S5,140,40,0.475,0.40425531914893614,0.8895
baseline,temp:lr,S6,139,41,0.5,0.41350210970464135,0.9011946241911398
baseline,temp:lr,S7,139,40,0.48484848484848486,0.4085106382978723,0.8737373737373738
baseline,temp:lr,S8,140,42,0.8384353741496599,0.8046766002567107,0.9584548104956268
baseline,temp:lr,S9,139,40,0.6186868686868687,0.6127664728682171,0.7237373737373738
baseline,temp:lr,S10,143,45,0.7777777777777778,0.8108465608465609,0.9666666666666667
baseline,temp:lr,S11,142,43,0.8888888888888888,0.8356481481481481,0.7777777777777778
baseline,temp:lr,S13,141,42,0.9494949494949495,0.9202127659574468,1.0
baseline,temp:lr,S14,141,42,0.42424242424242425,0.37333333333333335,0.0
baseline,temp:lr,S15,143,44,0.4797979797979798,0.39915966386554624,0.5140036730945823
baseline,temp:lr,S16,142,43,0.5,0.4107883817427386,0.44209537232793045
baseline,temp:lr,S17,144,46,0.6013753327417923,0.5994545950368149,0.5925022182786157
baseline,temp:xgb,S2,135,39,0.8333333333333333,0.7545454545454546,0.8707264957264957
baseline,temp:xgb,S3,138,41,0.571913502640181,0.5655479655479656,0.6789036962534574
baseline,temp:xgb,S4,137,40,0.8556701030927836,0.7860330209727799,0.897680412371134
baseline,temp:xgb,S5,140,40,0.7225,0.7403667834329282,0.8268749999999999
baseline,temp:xgb,S6,139,41,0.5263812842210055,0.4790104947526237,0.8320059731209557
baseline,temp:xgb,S7,139,40,0.7787878787878788,0.7454212454212454,0.8164141414141414
baseline,temp:xgb,S8,140,42,0.8078231292517006,0.7849217638691324,0.9171525753158406
baseline,temp:xgb,S9,139,40,0.7338383838383837,0.714109419991773,0.7950757575757575
baseline,temp:xgb,S10,143,45,0.8994331065759638,0.8829978726885943,0.9251700680272109
baseline,temp:xgb,S11,142,43,0.8535353535353536,0.7881142269102135,0.9518440216114635
baseline,temp:xgb,S13,141,42,0.8867243867243868,0.8636286055640894,0.9754689754689755
baseline,temp:xgb,S14,141,42,0.41774891774891776,0.3902162353775257,0.3071188071188071
baseline,temp:xgb,S15,143,44,0.41414141414141414,0.36444444444444446,0.407139577594123
baseline,temp:xgb,S16,142,43,0.5313601127554616,0.49025641025641026,0.5259572468874795
baseline,temp:xgb,S17,144,46,0.7535492457852706,0.7269232740505356,0.7750665483584739
baseline,fused[all]:mean_logit,S2,135,39,0.8713942307692307,0.88,0.9634081196581197
baseline,fused[all]:mean_logit,S3,138,41,0.8766658285139552,0.8847265951294738,0.969575056575308
baseline,fused[all]:mean_logit,S4,137,40,0.9948453608247423,0.9912364869186976,1.0
baseline,fused[all]:mean_logit,S5,140,40,0.975,0.9577677224736048,1.0
baseline,fused[all]:mean_logit,S6,139,41,1.0,1.0,1.0
baseline,fused[all]:mean_logit,S7,139,40,1.0,1.0,1.0
baseline,fused[all]:mean_logit,S8,140,42,1.0,1.0,1.0
baseline,fused[all]:mean_logit,S9,139,40,0.9292929292929293,0.8874884366327475,0.9967171717171718
baseline,fused[all]:mean_logit,S10,143,45,0.9777777777777779,0.9835858585858586,1.0
baseline,fused[all]:mean_logit,S11,142,43,0.9302325581395349,0.9477941176470588,1.0
baseline,fused[all]:mean_logit,S13,141,42,0.9747474747474747,0.9589567444839029,0.9992784992784992
baseline,fused[all]:mean_logit,S14,141,42,0.9343434343434344,0.8978545555865144,1.0
baseline,fused[all]:mean_logit,S15,143,44,0.9848484848484849,0.9758241758241759,0.9993112947658402
baseline,fused[all]:mean_logit,S16,142,43,0.8888888888888888,0.8356481481481481,1.0
baseline,fused[all]:mean_logit,S17,144,46,0.9680567879325643,0.9680567879325643,0.9915705412599822
baseline,fused[all]:stacked_lr,S2,135,39,0.7123397435897436,0.7337682038834952,0.9476495726495727
baseline,fused[all]:stacked_lr,S3,138,41,0.8612019109881821,0.8612019109881821,0.961025898918783
baseline,fused[all]:stacked_lr,S4,137,40,0.9948453608247423,0.9912364869186976,1.0
baseline,fused[all]:stacked_lr,S5,140,40,0.9650000000000001,0.941635399916622,0.99725
baseline,fused[all]:stacked_lr,S6,139,41,0.9795918367346939,0.966327519379845,1.0
baseline,fused[all]:stacked_lr,S7,139,40,0.994949494949495,0.9912890894278372,1.0
baseline,fused[all]:stacked_lr,S8,140,42,0.9948979591836735,0.991553544494721,1.0
baseline,fused[all]:stacked_lr,S9,139,40,0.9292929292929293,0.8874884366327475,0.9909090909090909
baseline,fused[all]:stacked_lr,S10,143,45,1.0,1.0,1.0
baseline,fused[all]:stacked_lr,S11,142,43,0.9651162790697674,0.9744650242762093,0.9992952783650458
baseline,fused[all]:stacked_lr,S13,141,42,0.9696969696969697,0.9510416666666667,1.0
baseline,fused[all]:stacked_lr,S14,141,42,0.5007215007215007,0.4831378299120235,0.7662337662337663
baseline,fused[all]:stacked_lr,S15,143,44,0.9696969696969697,0.9524601063829787,0.991505968778696
baseline,fused[all]:stacked_lr,S16,142,43,0.8888888888888888,0.8356481481481481,1.0
baseline,fused[all]:stacked_lr,S17,144,46,0.9585181898846495,0.9455929184433529,0.9893522626441881
baseline,fused[hr+eda+temp]:mean_logit,S2,135,39,0.8713942307692307,0.88,0.9623397435897436
baseline,fused[hr+eda+temp]:mean_logit,S3,138,41,0.8766658285139552,0.8847265951294738,0.9670605984410359
baseline,fused[hr+eda+temp]:mean_logit,S4,137,40,0.9948453608247423,0.9912364869186976,1.0
baseline,fused[hr+eda+temp]:mean_logit,S5,140,40,0.975,0.9577677224736048,1.0
baseline,fused[hr+eda+temp]:mean_logit,S6,139,41,1.0,1.0,1.0
baseline,fused[hr+eda+temp]:mean_logit,S7,139,40,1.0,1.0,1.0
baseline,fused[hr+eda+temp]:mean_logit,S8,140,42,0.9948979591836735,0.991553544494721,1.0
baseline,fused[hr+eda+temp]:mean_logit,S9,139,40,0.9595959595959596,0.9334928229665072,1.0
baseline,fused[hr+eda+temp]:mean_logit,S10,143,45,1.0,1.0,1.0
baseline,fused[hr+eda+temp]:mean_logit,S11,142,43,0.9302325581395349,0.9477941176470588,1.0
baseline,fused[hr+eda+temp]:mean_logit,S13,141,42,0.9747474747474747,0.9589567444839029,0.9968734968734969
baseline,fused[hr+eda+temp]:mean_logit,S14,141,42,0.9343434343434344,0.8978545555865144,1.0
baseline,fused[hr+eda+temp]:mean_logit,S15,143,44,0.9848484848484849,0.9758241758241759,0.9993112947658402
baseline,fused[hr+eda+temp]:mean_logit,S16,142,43,0.8939393939393939,0.8425471249801996,1.0
baseline,fused[hr+eda+temp]:mean_logit,S17,144,46,0.9680567879325643,0.9680567879325643,0.9933451641526175
baseline,fused[hr+eda+temp]:stacked_lr,S2,135,39,0.7123397435897436,0.7337682038834952,0.9479166666666666
baseline,fused[hr+eda+temp]:stacked_lr,S3,138,41,0.8612019109881821,0.8612019109881821,0.9607744531053557
baseline,fused[hr+eda+temp]:stacked_lr,S4,137,40,0.9948453608247423,0.9912364869186976,1.0
baseline,fused[hr+eda+temp]:stacked_lr,S5,140,40,0.9650000000000001,0.941635399916622,0.99725
baseline,fused[hr+eda+temp]:stacked_lr,S6,139,41,0.9795918367346939,0.966327519379845,1.0
baseline,fused[hr+eda+temp]:stacked_lr,S7,139,40,0.994949494949495,0.9912890894278372,1.0
baseline,fused[hr+eda+temp]:stacked_lr,S8,140,42,0.9948979591836735,0.991553544494721,1.0
baseline,fused[hr+eda+temp]:stacked_lr,S9,139,40,0.9292929292929293,0.8874884366327475,0.9941919191919192
baseline,fused[hr+eda+temp]:stacked_lr,S10,143,45,1.0,1.0,1.0
baseline,fused[hr+eda+temp]:stacked_lr,S11,142,43,0.9651162790697674,0.9744650242762093,0.9992952783650458
baseline,fused[hr+eda+temp]:stacked_lr,S13,141,42,0.9696969696969697,0.9510416666666667,1.0
baseline,fused[hr+eda+temp]:stacked_lr,S14,141,42,0.5007215007215007,0.4831378299120235,0.7657527657527657
baseline,fused[hr+eda+temp]:stacked_lr,S15,143,44,0.9696969696969697,0.9524601063829787,0.9912764003673095
baseline,fused[hr+eda+temp]:stacked_lr,S16,142,43,0.8888888888888888,0.8356481481481481,1.0
baseline,fused[hr+eda+temp]:stacked_lr,S17,144,46,0.9585181898846495,0.9455929184433529,0.9893522626441881
baseline,fused[hr+eda]:mean_logit,S2,135,39,0.5741185897435898,0.5636716224951519,0.936965811965812
baseline,fused[hr+eda]:mean_logit,S3,138,41,0.881820467689213,0.8927738927738929,0.9615287905456374
baseline,fused[hr+eda]:mean_logit,S4,137,40,0.9948453608247423,0.9912364869186976,1.0
baseline,fused[hr+eda]:mean_logit,S5,140,40,0.97,0.9496523615439942,1.0
baseline,fused[hr+eda]:mean_logit,S6,139,41,1.0,1.0,1.0
baseline,fused[hr+eda]:mean_logit,S7,139,40,1.0,1.0,1.0
baseline,fused[hr+eda]:mean_logit,S8,140,42,1.0,1.0,1.0
baseline,fused[hr+eda]:mean_logit,S9,139,40,0.9898989898989898,0.982702837232454,1.0
baseline,fused[hr+eda]:mean_logit,S10,143,45,1.0,1.0,1.0
baseline,fused[hr+eda]:mean_logit,S11,142,43,0.813953488372093,0.8483311081441922,0.992952783650458
baseline,fused[hr+eda]:mean_logit,S13,141,42,0.9696969696969697,0.9510416666666667,0.9913419913419913
baseline,fused[hr+eda]:mean_logit,S14,141,42,0.9393939393939394,0.905241935483871,1.0
baseline,fused[hr+eda]:mean_logit,S15,143,44,0.9747474747474747,0.9601649116942448,0.9993112947658402
baseline,fused[hr+eda]:mean_logit,S16,142,43,0.8888888888888888,0.8356481481481481,1.0
baseline,fused[hr+eda]:mean_logit,S17,144,46,0.957187222715173,0.9598371171975233,0.9906832298136645
baseline,fused[hr+eda]:stacked_lr,S2,135,39,0.6610576923076923,0.6785714285714286,0.9465811965811967
baseline,fused[hr+eda]:stacked_lr,S3,138,41,0.8612019109881821,0.8612019109881821,0.9575056575308021
baseline,fused[hr+eda]:stacked_lr,S4,137,40,0.9948453608247423,0.9912364869186976,1.0
baseline,fused[hr+eda]:stacked_lr,S5,140,40,0.9650000000000001,0.941635399916622,0.99725
baseline,fused[hr+eda]:stacked_lr,S6,139,41,0.9744897959183674,0.9581753625804899,1.0
baseline,fused[hr+eda]:stacked_lr,S7,139,40,0.994949494949495,0.9912890894278372,1.0
baseline,fused[hr+eda]:stacked_lr,S8,140,42,0.9948979591836735,0.991553544494721,1.0
baseline,fused[hr+eda]:stacked_lr,S9,139,40,0.9393939393939394,0.9025245441795231,1.0
baseline,fused[hr+eda]:stacked_lr,S10,143,45,1.0,1.0,1.0
baseline,fused[hr+eda]:stacked_lr,S11,142,43,0.9302325581395349,0.9477941176470588,0.9969462062485318
baseline,fused[hr+eda]:stacked_lr,S13,141,42,0.9696969696969697,0.9510416666666667,1.0
baseline,fused[hr+eda]:stacked_lr,S14,141,42,0.9090909090909092,0.861764705882353,1.0
baseline,fused[hr+eda]:stacked_lr,S15,143,44,0.9545454545454546,0.9297987236131566,0.9940312213039485
baseline,fused[hr+eda]:stacked_lr,S16,142,43,0.8838383838383839,0.8287811271297509,1.0
baseline,fused[hr+eda]:stacked_lr,S17,144,46,0.9418811002661935,0.9368282518096074,0.9942324755989352
none,hr:lr,S2,123,27,0.6221064814814814,0.641747572815534,0.9197530864197532
none,hr:lr,S3,122,41,0.8351400180668473,0.8534006248497956,0.9716952725082807
none,hr:lr,S4,137,40,0.6375,0.6506638529851403,1.0
none,hr:lr,S5,124,29,0.9947368421052631,0.9888799210833109,1.0
none,hr:lr,S6,139,41,0.5487804878048781,0.5094897472579876,0.9494773519163764
none,hr:lr,S7,130,31,0.9838709677419355,0.9892907158744542,1.0
none,hr:lr,S8,136,38,0.881578947368421,0.9108846013833272,0.9922126745435016
none,hr:lr,S9,139,40,0.6016414141414141,0.6063915857605178,0.672979797979798
none,hr:lr,S10,143,45,0.6122448979591837,0.45441767068273087,0.8945578231292517
none,hr:lr,S11,121,22,0.8863636363636364,0.9235821649614753,0.9825528007346189
none,hr:lr,S13,137,38,0.5151515151515151,0.2503419972640219,1.0
none,hr:lr,S14,141,42,0.9393939393939394,0.905241935483871,1.0
none,hr:lr,S15,142,43,0.6563307493540051,0.6542207792207793,0.7373737373737375
none,hr:lr,S16,142,43,0.904040404040404,0.8564511838254855,1.0
none,hr:lr,S17,141,43,0.9897959183673469,0.9834817244611059,1.0
none,hr:xgb,S2,123,27,0.7916666666666666,0.7955811907322319,0.9166666666666667
none,hr:xgb,S3,122,41,0.8532068654019873,0.859608745684695,0.968533574224631
none,hr:xgb,S4,137,40,0.8625,0.8934605867797808,1.0
none,hr:xgb,S5,124,29,0.9947368421052631,0.9888799210833109,1.0
none,hr:xgb,S6,139,41,0.699104031856645,0.7229235880398671,0.941015430562469
none,hr:xgb,S7,130,31,0.9444444444444444,0.895245769540693,0.9960899315738025
none,hr:xgb,S8,136,38,0.9027926960257787,0.923055162659123,0.9899301825993556
none,hr:xgb,S9,139,40,0.6025252525252525,0.5498752455274194,0.6316919191919192
none,hr:xgb,S10,143,45,0.5357142857142857,0.3152854511970534,0.7785714285714286
none,hr:xgb,S11,121,22,0.9065656565656566,0.8278805120910384,0.9775022956841138
none,hr:xgb,S13,137,38,0.5,0.21714285714285714,0.7238171185539607
none,hr:xgb,S14,141,42,0.8585858585858586,0.7926470588235295,1.0
none,hr:xgb,S15,142,43,0.5459243598778483,0.37655707576066977,0.6068827813013857
none,hr:xgb,S16,142,43,0.8888888888888888,0.8356481481481481,1.0
none,hr:xgb,S17,141,43,0.9591836734693877,0.9361702127659575,0.9995253915519697
none,hrv:lr,S2,88,0,nan,0.42483660130718953,nan
none,hrv:lr,S3,68,21,0.7380952380952381,0.770199692780338,0.9898682877406282
none,hrv:lr,S4,110,13,0.4536082474226804,0.4444444444444444,0.6391752577319587
none,hrv:lr,S5,90,0,nan,0.4,nan
none,hrv:lr,S6,92,10,0.4451219512195122,0.44242424242424244,0.47804878048780486
none,hrv:lr,S7,95,0,nan,0.4411764705882353,nan
none,hrv:lr,S8,103,5,0.46734693877551026,0.44504310344827586,0.48367346938775513
none,hrv:lr,S9,122,26,0.2952724358974359,0.3188834154351396,0.22796474358974358
none,hrv:lr,S10,138,41,0.520618556701031,0.2738896746817539,0.2871511189338698
none,hrv:lr,S11,99,1,0.7857142857142857,0.38636363636363635,0.7755102040816326
none,hrv:lr,S13,99,9,0.5555555555555556,0.2721342031686859,0.42962962962962964
none,hrv:lr,S14,124,25,0.601010101010101,0.36186567650315943,0.9709090909090908
none,hrv:lr,S15,108,24,0.4166666666666667,0.38363982244768546,0.3874007936507936
none,hrv:lr,S16,110,30,0.8875,0.8212351029252438,0.9958333333333333
none,hrv:lr,S17,106,15,0.8666666666666667,0.9123242349048801,1.0
none,hrv:xgb,S2,88,0,nan,0.38461538461538464,nan
none,hrv:xgb,S3,68,21,0.6190476190476191,0.6195804195804195,0.9979736575481255
none,hrv:xgb,S4,110,13,0.4869151467089612,0.48554421768707484,0.6217287866772403
none,hrv:xgb,S5,90,0,nan,0.4155844155844156,nan
none,hrv:xgb,S6,92,10,0.44756097560975605,0.44180915609487037,0.5317073170731708
none,hrv:xgb,S7,95,0,nan,0.4025157232704403,nan
none,hrv:xgb,S8,103,5,0.49081632653061225,0.40242616033755274,0.49183673469387756
none,hrv:xgb,S9,122,26,0.35096153846153844,0.3645833333333333,0.296875
none,hrv:xgb,S10,138,41,0.3857178777973347,0.38392857142857145,0.3791802866482274
none,hrv:xgb,S11,99,1,0.7244897959183674,0.3277162977867203,0.7295918367346939
none,hrv:xgb,S13,99,9,0.4111111111111111,0.36600985221674875,0.46234567901234563
none,hrv:xgb,S14,124,25,0.4862626262626263,0.3446858485026424,0.6763636363636363
none,hrv:xgb,S15,108,24,0.4523809523809524,0.4520133865918169,0.4918154761904762
none,hrv:xgb,S16,110,30,0.8291666666666666,0.7642857142857142,0.8891666666666667
none,hrv:xgb,S17,106,15,0.7619047619047619,0.7114337568058076,0.8630036630036629
none,eda:lr,S2,135,39,0.8373397435897436,0.8197138314785374,0.8934294871794872
none,eda:lr,S3,138,41,0.6103847120945436,0.5946553015031965,0.6894644204174
none,eda:lr,S4,137,40,1.0,1.0,1.0
none,eda:lr,S5,140,40,0.95,0.9181286549707601,0.95275
none,eda:lr,S6,139,41,0.9081632653061225,0.8594382022471909,0.994773519163763
none,eda:lr,S7,139,40,0.7878787878787878,0.6932534678436317,1.0
none,eda:lr,S8,140,42,0.9047619047619048,0.9277605779153767,0.988095238095238
none,eda:lr,S9,139,40,0.88989898989899,0.9079226285108638,0.9893939393939395
none,eda:lr,S10,143,45,0.7675736961451247,0.7958203530633436,0.7444444444444445
none,eda:lr,S11,142,43,0.8333333333333333,0.761344537815126,0.9093258163025606
none,eda:lr,S13,141,42,0.6515151515151515,0.5070679434564523,0.9494949494949494
none,eda:lr,S14,141,42,0.5,0.4125,0.20346320346320343
none,eda:lr,S15,143,44,0.8813131313131313,0.8718063648588077,0.9699265381083563
none,eda:lr,S16,142,43,0.7906976744186047,0.8259803921568627,0.9295278365045807
none,eda:lr,S17,144,46,0.7533274179236913,0.7647058823529411,0.8959627329192547
none,eda:xgb,S2,135,39,0.8249198717948718,0.8274005786959155,0.951655982905983
none,eda:xgb,S3,138,41,0.6098818204676892,0.60554643313264,0.7566004526024642
none,eda:xgb,S4,137,40,0.9625,0.972905267321511,1.0
none,eda:xgb,S5,140,40,0.6425000000000001,0.5919665094589581,0.8059999999999999
none,eda:xgb,S6,139,41,0.6983573917371827,0.6431322207958922,0.8098556495769039
none,eda:xgb,S7,139,40,0.8093434343434344,0.8024714241581712,0.9217171717171717
none,eda:xgb,S8,140,42,0.8962585034013606,0.9044605744773249,0.9863945578231292
none,eda:xgb,S9,139,40,0.9172979797979798,0.9204249093569111,0.9929292929292929
none,eda:xgb,S10,143,45,0.8222222222222222,0.8541560428352881,0.9843537414965986
none,eda:xgb,S11,142,43,0.6252055438101949,0.5134813049307314,0.8349776838148931
none,eda:xgb,S13,141,42,0.7575757575757576,0.6581818181818182,0.9808802308802309
none,eda:xgb,S14,141,42,0.5,0.4125,0.6297498797498797
none,eda:xgb,S15,143,44,0.8295454545454546,0.8337209302325581,0.938475665748393
none,eda:xgb,S16,142,43,0.9534883720930232,0.965708765998551,1.0
none,eda:xgb,S17,144,46,0.7828305235137534,0.7745992335510337,0.844276841171251
none,temp:lr,S2,135,39,0.8858173076923077,0.8441771459814106,0.9794337606837606
none,temp:lr,S3,138,41,0.8144329896907216,0.7335335764857327,0.8953985416142822
none,temp:lr,S4,137,40,0.930798969072165,0.9007246376811595,0.9860824742268041
none,temp:lr,S5,140,40,0.6625000000000001,0.6612693095105155,0.7375
none,temp:lr,S6,139,41,0.9081632653061225,0.8594382022471909,0.9947735191637631
none,temp:lr,S7,139,40,0.685479797979798,0.632572692452932,0.6813131313131313
none,temp:lr,S8,140,42,0.8027210884353742,0.8194014447884417,0.8381924198250729
none,temp:lr,S9,139,40,0.6833333333333333,0.6501090787044806,0.7631313131313131
none,temp:lr,S10,143,45,0.9402494331065759,0.9429076598414419,0.9829931972789115
none,temp:lr,S11,142,43,0.9494949494949495,0.9213209219858156,0.975804557199906
none,temp:lr,S13,141,42,0.9523809523809523,0.9650990099009901,0.993987493987494
none,temp:lr,S14,141,42,0.2561327561327561,0.2692672053496796,0.14646464646464646
none,temp:lr,S15,143,44,0.547979797979798,0.3673531655225019,0.5443067033976126
none,temp:lr,S16,142,43,0.5707070707070707,0.3753557936138281,0.626732440685929
none,temp:lr,S17,144,46,0.5925022182786157,0.5843610600892155,0.5982697426796805
none,temp:xgb,S2,135,39,0.9431089743589743,0.9299429164504411,0.9780982905982906
none,temp:xgb,S3,138,41,0.6428212220266533,0.5805918421754199,0.7433995473975359
none,temp:xgb,S4,137,40,0.4801546391752577,0.22839080459770117,0.5456185567010309
none,temp:xgb,S5,140,40,0.715,0.7454545454545454,0.818875
none,temp:xgb,S6,139,41,0.8245395719263315,0.7539823008849558,0.9362867098058735
none,temp:xgb,S7,139,40,0.7705808080808081,0.6959722592691384,0.8088383838383839
none,temp:xgb,S8,140,42,0.7687074829931972,0.7463768115942029,0.8690476190476191
none,temp:xgb,S9,139,40,0.7987373737373737,0.7568421646633937,0.8554292929292929
none,temp:xgb,S10,143,45,0.9846938775510203,0.9760989470165469,0.9821995464852608
none,temp:xgb,S11,142,43,0.9797979797979798,0.9674684994272623,0.997650927883486
none,temp:xgb,S13,141,42,0.8333333333333333,0.8669811320754717,0.9850889850889851
none,temp:xgb,S14,141,42,0.14285714285714285,0.0784313725490196,0.04184704184704185
none,temp:xgb,S15,143,44,0.4898989898989899,0.455461808407377,0.5567033976124885
none,temp:xgb,S16,142,43,0.42424242424242425,0.37168141592920356,0.6276720695325345
none,temp:xgb,S17,144,46,0.5496894409937888,0.5445920303605313,0.6248890860692102
none,fused[all]:mean_logit,S2,135,39,0.9046474358974359,0.9015839353171184,0.9612713675213675
none,fused[all]:mean_logit,S3,138,41,0.8354287151118934,0.8237547892720306,0.9024390243902438
none,fused[all]:mean_logit,S4,137,40,0.9875,0.9911067835118468,1.0
none,fused[all]:mean_logit,S5,140,40,0.94,0.9239819004524887,0.95925
none,fused[all]:mean_logit,S6,139,41,0.9878048780487805,0.9912890894278372,1.0
none,fused[all]:mean_logit,S7,139,40,0.9343434343434344,0.8949723917465853,1.0
none,fused[all]:mean_logit,S8,140,42,0.9166666666666667,0.9373040752351097,1.0
none,fused[all]:mean_logit,S9,139,40,0.7167929292929293,0.7215868708406021,0.9030303030303031
none,fused[all]:mean_logit,S10,143,45,0.6275510204081632,0.47932565215222706,0.9512471655328798
none,fused[all]:mean_logit,S11,142,43,0.898989898989899,0.8494806020775917,0.9955367629786234
none,fused[all]:mean_logit,S13,141,42,0.6515151515151515,0.5070679434564523,0.9925444925444925
none,fused[all]:mean_logit,S14,141,42,1.0,1.0,1.0
none,fused[all]:mean_logit,S15,143,44,0.827020202020202,0.7625421426055452,0.9412304866850322
none,fused[all]:mean_logit,S16,142,43,0.9242424242424243,0.8847589677000487,1.0
none,fused[all]:mean_logit,S17,144,46,0.9622892635314996,0.9676767676767677,0.9986690328305234
none,fused[all]:stacked_lr,S2,135,39,0.8737980769230769,0.8737980769230769,0.9503205128205128
none,fused[all]:stacked_lr,S3,138,41,0.8302740759366356,0.8164893617021276,0.8989187830022629
none,fused[all]:stacked_lr,S4,137,40,1.0,1.0,1.0
none,fused[all]:stacked_lr,S5,140,40,0.9375,0.9310174919931018,0.973
none,fused[all]:stacked_lr,S6,139,41,1.0,1.0,1.0
none,fused[all]:stacked_lr,S7,139,40,0.9393939393939394,0.9025245441795231,0.9959595959595959
none,fused[all]:stacked_lr,S8,140,42,0.9285714285714286,0.9466869763899467,1.0
none,fused[all]:stacked_lr,S9,139,40,0.8125,0.8494041170097508,0.9494949494949495
none,fused[all]:stacked_lr,S10,143,45,0.6479591836734694,0.5113653246174417,0.9657596371882086
none,fused[all]:stacked_lr,S11,142,43,0.9848484848484849,0.9754537597234227,1.0
none,fused[all]:stacked_lr,S13,141,42,0.6515151515151515,0.5070679434564523,0.9990379990379991
none,fused[all]:stacked_lr,S14,141,42,0.75,0.7853881278538812,0.9898989898989898
none,fused[all]:stacked_lr,S15,143,44,0.8371212121212122,0.7758053911900066,0.9478879706152434
none,fused[all]:stacked_lr,S16,142,43,0.9292929292929293,0.8919565217391304,0.9995301855766973
none,fused[all]:stacked_lr,S17,144,46,0.9245785270629991,0.9345454545454546,0.993566992014197
none,fused[hr+eda+temp]:mean_logit,S2,135,39,0.8994391025641026,0.8934210526315789,0.953792735042735
none,fused[hr+eda+temp]:mean_logit,S3,138,41,0.8354287151118934,0.8237547892720306,0.9029419160170984
none,fused[hr+eda+temp]:mean_logit,S4,137,40,1.0,1.0,1.0
none,fused[hr+eda+temp]:mean_logit,S5,140,40,0.935,0.9160872692399904,0.95825
none,fused[hr+eda+temp]:mean_logit,S6,139,41,1.0,1.0,1.0
none,fused[hr+eda+temp]:mean_logit,S7,139,40,0.904040404040404,0.8509677783420799,1.0
none,fused[hr+eda+temp]:mean_logit,S8,140,42,0.9166666666666667,0.9373040752351097,1.0
none,fused[hr+eda+temp]:mean_logit,S9,139,40,0.825,0.8609205260148656,0.9699494949494949
none,fused[hr+eda+temp]:mean_logit,S10,143,45,0.6479591836734694,0.5113653246174417,0.9727891156462585
none,fused[hr+eda+temp]:mean_logit,S11,142,43,0.898989898989899,0.8494806020775917,0.9915433403805497
none,fused[hr+eda+temp]:mean_logit,S13,141,42,0.6818181818181819,0.5523809523809524,0.9848484848484849
none,fused[hr+eda+temp]:mean_logit,S14,141,42,1.0,1.0,1.0
none,fused[hr+eda+temp]:mean_logit,S15,143,44,0.827020202020202,0.7625421426055452,0.9501836547291093
none,fused[hr+eda+temp]:mean_logit,S16,142,43,0.9393939393939394,0.9065174456879526,1.0
none,fused[hr+eda+temp]:mean_logit,S17,144,46,0.9680567879325643,0.9680567879325643,0.99622892635315
none,fused[hr+eda+temp]:stacked_lr,S2,135,39,0.8918269230769231,0.8918269230769231,0.9564636752136751
none,fused[hr+eda+temp]:stacked_lr,S3,138,41,0.8302740759366356,0.8164893617021276,0.9029419160170984
none,fused[hr+eda+temp]:stacked_lr,S4,137,40,1.0,1.0,1.0
none,fused[hr+eda+temp]:stacked_lr,S5,140,40,0.9375,0.9310174919931018,0.971
none,fused[hr+eda+temp]:stacked_lr,S6,139,41,1.0,1.0,1.0
none,fused[hr+eda+temp]:stacked_lr,S7,139,40,0.9444444444444444,0.9101486748545572,0.9964646464646465
none,fused[hr+eda+temp]:stacked_lr,S8,140,42,0.9166666666666667,0.9373040752351097,1.0
none,fused[hr+eda+temp]:stacked_lr,S9,139,40,0.8125,0.8494041170097508,0.9368686868686869
none,fused[hr+eda+temp]:stacked_lr,S10,143,45,0.6377551020408163,0.49550310559006205,0.9557823129251701
none,fused[hr+eda+temp]:stacked_lr,S11,142,43,0.9646464646464646,0.9440409840680065,1.0
none,fused[hr+eda+temp]:stacked_lr,S13,141,42,0.6515151515151515,0.5070679434564523,0.9995189995189996
none,fused[hr+eda+temp]:stacked_lr,S14,141,42,0.75,0.7853881278538812,0.9949494949494949
none,fused[hr+eda+temp]:stacked_lr,S15,143,44,0.8320707070707071,0.7691686844229217,0.952020202020202
none,fused[hr+eda+temp]:stacked_lr,S16,142,43,0.9292929292929293,0.8919565217391304,1.0
none,fused[hr+eda+temp]:stacked_lr,S17,144,46,0.957187222715173,0.9598371171975233,0.9942324755989352
none,fused[hr+eda]:mean_logit,S2,135,39,0.8685897435897436,0.8657962754324342,0.9321581196581197
none,fused[hr+eda]:mean_logit,S3,138,41,0.7885340709077193,0.7804161566707466,0.8584360070404827
none,fused[hr+eda]:mean_logit,S4,137,40,1.0,1.0,1.0
none,fused[hr+eda]:mean_logit,S5,140,40,0.97,0.9496523615439942,0.956
none,fused[hr+eda]:mean_logit,S6,139,41,0.9724987555998008,0.9658811978399606,0.9990044798407167
none,fused[hr+eda]:mean_logit,S7,139,40,0.9797979797979798,0.9658811978399606,1.0
none,fused[hr+eda]:mean_logit,S8,140,42,0.9047619047619048,0.9277605779153767,1.0
none,fused[hr+eda]:mean_logit,S9,139,40,0.8,0.8376168224299065,0.9815656565656565
none,fused[hr+eda]:mean_logit,S10,143,45,0.6122448979591837,0.45441767068273087,0.9387755102040816
none,fused[hr+eda]:mean_logit,S11,142,43,0.8838383838383839,0.8287811271297509,0.9823819591261451
none,fused[hr+eda]:mean_logit,S13,141,42,0.5959595959595959,0.41711451012815215,0.9718614718614719
none,fused[hr+eda]:mean_logit,S14,141,42,1.0,1.0,1.0
none,fused[hr+eda]:mean_logit,S15,143,44,0.8244949494949495,0.8265465257321087,0.9568411386593205
none,fused[hr+eda]:mean_logit,S16,142,43,0.9848484848484849,0.9754537597234227,1.0
none,fused[hr+eda]:mean_logit,S17,144,46,0.9520851818988465,0.9520851818988465,0.9953416149068323
none,fused[hr+eda]:stacked_lr,S2,135,39,0.842948717948718,0.8455689388331875,0.9361645299145298
none,fused[hr+eda]:stacked_lr,S3,138,41,0.7885340709077193,0.7804161566707466,0.851395524264521
none,fused[hr+eda]:stacked_lr,S4,137,40,1.0,1.0,1.0
none,fused[hr+eda]:stacked_lr,S5,140,40,0.97,0.9496523615439942,0.987
none,fused[hr+eda]:stacked_lr,S6,139,41,0.9724987555998008,0.9658811978399606,0.9987555998008959
none,fused[hr+eda]:stacked_lr,S7,139,40,0.9797979797979798,0.9658811978399606,1.0
none,fused[hr+eda]:stacked_lr,S8,140,42,0.9285714285714286,0.9466869763899467,1.0
none,fused[hr+eda]:stacked_lr,S9,139,40,0.8,0.8376168224299065,0.9643939393939394
none,fused[hr+eda]:stacked_lr,S10,143,45,0.6122448979591837,0.45441767068273087,0.8603174603174604
none,fused[hr+eda]:stacked_lr,S11,142,43,0.8888888888888888,0.8356481481481481,0.9962414846135776
none,fused[hr+eda]:stacked_lr,S13,141,42,0.5909090909090909,0.4083916083916084,0.9747474747474747
none,fused[hr+eda]:stacked_lr,S14,141,42,1.0,1.0,1.0
none,fused[hr+eda]:stacked_lr,S15,143,44,0.8080808080808081,0.8100271472304049,0.9533976124885215
none,fused[hr+eda]:stacked_lr,S16,142,43,0.9848484848484849,0.9754537597234227,1.0
none,fused[hr+eda]:stacked_lr,S17,144,46,0.9629547471162379,0.9602977667493797,0.9957852706299911
rest5,hr:lr,S2,106,27,0.5,0.42702702702702705,0.9418659165494608
rest5,hr:lr,S3,108,41,0.785220240262104,0.8036363636363637,0.9708773207135056
rest5,hr:lr,S4,120,40,1.0,1.0,1.0
rest5,hr:lr,S5,111,29,0.9482758620689655,0.963745236799129,1.0
rest5,hr:lr,S6,122,41,0.8711231556760012,0.8578088578088578,0.9388738331827763
rest5,hr:lr,S7,113,31,0.9939024390243902,0.9889960074009154,1.0
rest5,hr:lr,S8,119,38,0.8395061728395061,0.7769607843137255,0.9905782975958415
rest5,hr:lr,S9,122,40,0.6091463414634146,0.6110117427482696,0.6359756097560976
rest5,hr:lr,S10,126,45,0.6222222222222222,0.6096938775510204,0.8968449931412894
rest5,hr:lr,S11,104,22,0.9318181818181819,0.9544325982181978,0.9817073170731707
rest5,hr:lr,S13,120,38,0.9634146341463414,0.9444272923741897,1.0
rest5,hr:lr,S14,124,42,0.7073170731707317,0.6112852664576802,1.0
rest5,hr:lr,S15,125,43,0.5985536018150879,0.5809788334450723,0.7325581395348838
rest5,hr:lr,S16,125,43,0.8597560975609756,0.8129351291560935,1.0
rest5,hr:lr,S17,124,43,0.9567901234567902,0.9397849462365591,1.0
rest5,hr:xgb,S2,106,27,0.5185185185185185,0.46506211180124224,0.9165494608532583
rest5,hr:xgb,S3,108,41,0.8360029122679287,0.8468085106382979,0.8454677830360393
rest5,hr:xgb,S4,120,40,1.0,1.0,1.0
rest5,hr:xgb,S5,111,29,1.0,1.0,1.0
rest5,hr:xgb,S6,122,41,0.895362842517314,0.869685964537492,0.9271303824149352
rest5,hr:xgb,S7,113,31,0.9878048780487805,0.9782021604938271,1.0
rest5,hr:xgb,S8,119,38,0.7962962962962963,0.7207168764668231,0.9705977907732294
rest5,hr:xgb,S9,122,40,0.6225609756097561,0.6159308880591552,0.6274390243902439
rest5,hr:xgb,S10,126,45,0.6888888888888889,0.700509337860781,0.8323731138545953
rest5,hr:xgb,S11,104,22,0.9135254988913526,0.9135254988913526,0.9603658536585366
rest5,hr:xgb,S13,120,38,0.9573170731707317,0.9355383316706316,0.9987163029525032
rest5,hr:xgb,S14,124,42,0.7378048780487805,0.6530227110040997,0.8780487804878049
rest5,hr:xgb,S15,125,43,0.6328701077708452,0.6339515484958737,0.6887407827566647
rest5,hr:xgb,S16,125,43,0.8475609756097561,0.7974593298334305,1.0
rest5,hr:xgb,S17,124,43,0.9444444444444444,0.923219814241486,0.9994257823715188
rest5,hrv:lr,S2,73,0,nan,0.416,nan
rest5,hrv:lr,S3,57,21,0.8194444444444444,0.7716486902927582,0.9907407407407407
rest5,hrv:lr,S4,93,13,0.5413461538461539,0.5248817407757805,0.6442307692307693
rest5,hrv:lr,S5,79,0,nan,0.44366197183098594,nan
rest5,hrv:lr,S6,75,10,0.41923076923076924,0.42915690866510536,0.47846153846153844
rest5,hrv:lr,S7,80,0,nan,0.4594594594594595,nan
rest5,hrv:lr,S8,86,5,0.49382716049382713,0.4819277108433735,0.5333333333333333
rest5,hrv:lr,S9,105,26,0.31645569620253167,0.3225806451612903,0.22151898734177217
rest5,hrv:lr,S10,121,41,0.4875,0.39195979899497485,0.29878048780487804
rest5,hrv:lr,S11,82,1,0.41975308641975306,0.4533333333333333,0.7654320987654322
rest5,hrv:lr,S13,90,9,0.41975308641975306,0.40993788819875776,0.3580246913580247
rest5,hrv:lr,S14,107,25,0.8719512195121951,0.7786861026297646,0.9736585365853658
rest5,hrv:lr,S15,96,24,0.4166666666666667,0.4166666666666667,0.3628472222222222
rest5,hrv:lr,S16,94,30,0.71875,0.6168478260869565,0.99375
rest5,hrv:lr,S17,89,15,0.8040540540540541,0.6323885486397949,1.0
rest5,hrv:xgb,S2,73,0,nan,0.42063492063492064,nan
rest5,hrv:xgb,S3,57,21,0.9206349206349206,0.9082125603864735,0.9894179894179895
rest5,hrv:xgb,S4,93,13,0.46875,0.44642857142857145,0.2725961538461539
rest5,hrv:xgb,S5,79,0,nan,0.44366197183098594,nan
rest5,hrv:xgb,S6,75,10,0.4230769230769231,0.4230769230769231,0.3630769230769231
rest5,hrv:xgb,S7,80,0,nan,0.4594594594594595,nan
rest5,hrv:xgb,S8,86,5,0.582716049382716,0.5015806111696522,0.462962962962963
rest5,hrv:xgb,S9,105,26,0.46835443037974683,0.4134078212290503,0.5859298928919181
rest5,hrv:xgb,S10,121,41,0.4559451219512195,0.39133559182835437,0.4451219512195122
rest5,hrv:xgb,S11,82,1,0.3271604938271605,0.3925925925925926,0.4876543209876543
rest5,hrv:xgb,S13,90,9,0.48765432098765427,0.48787061994609165,0.5349794238683128
rest5,hrv:xgb,S14,107,25,0.5834146341463415,0.5915406932356084,0.7102439024390244
rest5,hrv:xgb,S15,96,24,0.4305555555555556,0.3924050632911392,0.408275462962963
rest5,hrv:xgb,S16,94,30,0.875,0.8233082706766917,0.9854166666666667
rest5,hrv:xgb,S17,89,15,0.9324324324324325,0.838768115942029,0.9999999999999999
rest5,eda:lr,S2,118,39,0.5,0.4010152284263959,0.9876663420967219
rest5,eda:lr,S3,121,41,0.6585365853658537,0.6662726556343578,0.8179878048780488
rest5,eda:lr,S4,120,40,0.99375,0.9906825064057768,1.0
rest5,eda:lr,S5,123,40,1.0,1.0,1.0
rest5,eda:lr,S6,122,41,0.9814814814814814,0.9729189789123196,1.0
rest5,eda:lr,S7,122,40,1.0,1.0,1.0
rest5,eda:lr,S8,123,42,0.9880952380952381,0.9909084189518811,1.0
rest5,eda:lr,S9,122,40,0.9268292682926829,0.8953089244851258,1.0
rest5,eda:lr,S10,126,45,1.0,1.0,1.0
rest5,eda:lr,S11,125,43,0.8133862733976177,0.83553904496556,0.9707884288145208
rest5,eda:lr,S13,124,42,0.9695121951219512,0.9561868419192989,0.9927409988385598
rest5,eda:lr,S14,124,42,0.5357142857142857,0.47060755336617405,0.9105691056910569
rest5,eda:lr,S15,126,44,0.8841463414634146,0.8456977118917177,1.0
rest5,eda:lr,S16,125,43,0.8353658536585367,0.781990827465926,1.0
rest5,eda:lr,S17,127,46,0.5,0.3894230769230769,0.6991411701556629
rest5,eda:xgb,S2,118,39,0.5769230769230769,0.5469458987783595,0.8766634209672185
rest5,eda:xgb,S3,121,41,0.6097560975609756,0.5966666666666667,0.8128048780487804
rest5,eda:xgb,S4,120,40,0.99375,0.9906825064057768,1.0
rest5,eda:xgb,S5,123,40,0.9518072289156627,0.9292289988492519,1.0
rest5,eda:xgb,S6,122,41,0.8641975308641976,0.8156593406593406,1.0
rest5,eda:xgb,S7,122,40,0.9,0.921188630490956,1.0
rest5,eda:xgb,S8,123,42,0.9210758377425043,0.911536248561565,0.9908877131099353
rest5,eda:xgb,S9,122,40,0.8780487804878049,0.8305555555555556,1.0
rest5,eda:xgb,S10,126,45,0.954320987654321,0.956572689046667,0.994238683127572
rest5,eda:xgb,S11,125,43,0.45164492342597845,0.4485294117647059,0.5743051616562678
rest5,eda:xgb,S13,124,42,0.7621951219512195,0.6854634146341463,0.9735772357723578
rest5,eda:xgb,S14,124,42,0.5296167247386759,0.46620749031424885,0.6178861788617886
rest5,eda:xgb,S15,126,44,0.8109756097560976,0.7532065457762052,0.9577328159645232
rest5,eda:xgb,S16,125,43,0.8658536585365854,0.8206833594157538,1.0
rest5,eda:xgb,S17,127,46,0.5108695652173914,0.4125809435707678,0.865673644659152
rest5,temp:lr,S2,118,39,0.7784810126582278,0.7028563205986043,0.993833171048361
rest5,temp:lr,S3,121,41,0.6367378048780488,0.6321097515758249,0.7125
rest5,temp:lr,S4,120,40,0.96875,0.9629515282494596,0.9971875
rest5,temp:lr,S5,123,40,0.5,0.4029126213592233,0.9939759036144579
rest5,temp:lr,S6,122,41,0.654320987654321,0.532950505879136,0.9987955435109908
rest5,temp:lr,S7,122,40,0.4213414634146342,0.38524965643609715,0.7435975609756098
rest5,temp:lr,S8,123,42,0.519400352733686,0.33418803418803417,0.7445620223398001
rest5,temp:lr,S9,122,40,0.4344512195121951,0.4184542049710589,0.7359756097560974
rest5,temp:lr,S10,126,45,0.9259259259259258,0.9301552106430155,0.9838134430727024
rest5,temp:lr,S11,125,43,0.8658536585365854,0.8206833594157538,0.8658536585365854
rest5,temp:lr,S13,124,42,1.0,1.0,1.0
rest5,temp:lr,S14,124,42,0.4024390243902439,0.3473684210526316,0.005807200929152148
rest5,temp:lr,S15,126,44,0.4941796008869179,0.47132867132867134,0.5460088691796009
rest5,temp:lr,S16,125,43,0.5,0.3961352657004831,0.44412932501418034
rest5,temp:lr,S17,127,46,0.6473429951690821,0.6191904047976011,0.713365539452496
rest5,temp:xgb,S2,118,39,0.7466731580655631,0.6692777578153072,0.7990912041544953
rest5,temp:xgb,S3,121,41,0.7830792682926829,0.7521367521367521,0.7564024390243902
rest5,temp:xgb,S4,120,40,0.8625,0.8124467178175618,0.949375
rest5,temp:xgb,S5,123,40,0.5,0.4029126213592233,0.630421686746988
rest5,temp:xgb,S6,122,41,0.4977416440831075,0.4972034147777451,0.5737729599518218
rest5,temp:xgb,S7,122,40,0.8125,0.8427159432746025,0.9871951219512195
rest5,temp:xgb,S8,123,42,0.808641975308642,0.746896780617325,0.966196355085244
rest5,temp:xgb,S9,122,40,0.47164634146341466,0.459993190330269,0.6192073170731707
rest5,temp:xgb,S10,126,45,0.4950617283950617,0.4925727866904337,0.48134430727023325
rest5,temp:xgb,S11,125,43,0.8658536585365854,0.8206833594157538,0.9546228020419739
rest5,temp:xgb,S13,124,42,0.9166666666666667,0.9340776182881445,0.9549941927990708
rest5,temp:xgb,S14,124,42,0.40156794425087106,0.3762678321101674,0.1440185830429733
rest5,temp:xgb,S15,126,44,0.42073170731707316,0.35384615384615387,0.2991962305986696
rest5,temp:xgb,S16,125,43,0.725609756097561,0.6391686445570595,0.788712422007941
rest5,temp:xgb,S17,127,46,0.5033548040794418,0.47873134328358213,0.4920826623725174
rest5,fused[all]:mean_logit,S2,118,39,0.6153846153846154,0.6077127659574468,0.9983771502758845
rest5,fused[all]:mean_logit,S3,121,41,0.6585365853658537,0.6662726556343578,0.9789634146341464
rest5,fused[all]:mean_logit,S4,120,40,1.0,1.0,1.0
rest5,fused[all]:mean_logit,S5,123,40,1.0,1.0,1.0
rest5,fused[all]:mean_logit,S6,122,41,0.9567901234567902,0.9380935121420805,1.0
rest5,fused[all]:mean_logit,S7,122,40,1.0,1.0,1.0
rest5,fused[all]:mean_logit,S8,123,42,0.9382716049382716,0.9139137737961927,1.0
rest5,fused[all]:mean_logit,S9,122,40,0.9207317073170731,0.8870611692658263,1.0
rest5,fused[all]:mean_logit,S10,126,45,1.0,1.0,1.0
rest5,fused[all]:mean_logit,S11,125,43,1.0,1.0,1.0
rest5,fused[all]:mean_logit,S13,124,42,0.975609756097561,0.9647727272727273,1.0
rest5,fused[all]:mean_logit,S14,124,42,0.8231707317073171,0.7642740085217962,1.0
rest5,fused[all]:mean_logit,S15,126,44,0.9817073170731707,0.9741997133301481,0.9997228381374723
rest5,fused[all]:mean_logit,S16,125,43,0.8780487804878049,0.8362159329140462,1.0
rest5,fused[all]:mean_logit,S17,127,46,0.9347826086956521,0.9472591362126246,0.9817498658078369
rest5,fused[all]:stacked_lr,S2,118,39,0.5512820512820513,0.5023496806844199,0.9954560207724765
rest5,fused[all]:stacked_lr,S3,121,41,0.6888719512195123,0.7052098950524738,0.9551829268292683
rest5,fused[all]:stacked_lr,S4,120,40,1.0,1.0,1.0
rest5,fused[all]:stacked_lr,S5,123,40,1.0,1.0,1.0
rest5,fused[all]:stacked_lr,S6,122,41,0.9135802469135803,0.879786036036036,1.0
rest5,fused[all]:stacked_lr,S7,122,40,1.0,1.0,1.0
rest5,fused[all]:stacked_lr,S8,123,42,0.9012345679012346,0.8652054794520547,1.0
rest5,fused[all]:stacked_lr,S9,122,40,0.9024390243902439,0.8626126126126126,0.9829268292682927
rest5,fused[all]:stacked_lr,S10,126,45,1.0,1.0,1.0
rest5,fused[all]:stacked_lr,S11,125,43,1.0,1.0,1.0
rest5,fused[all]:stacked_lr,S13,124,42,0.975609756097561,0.9647727272727273,1.0
rest5,fused[all]:stacked_lr,S14,124,42,0.4605110336817654,0.45761689291101054,0.6867015098722417
rest5,fused[all]:stacked_lr,S15,126,44,0.9512195121951219,0.9326923076923077,0.9966740576496673
rest5,fused[all]:stacked_lr,S16,125,43,0.8658536585365854,0.8206833594157538,1.0
rest5,fused[all]:stacked_lr,S17,127,46,0.8804347826086957,0.9003068579176479,0.9975845410628019
rest5,fused[hr+eda+temp]:mean_logit,S2,118,39,0.6153846153846154,0.6077127659574468,0.9983771502758845
rest5,fused[hr+eda+temp]:mean_logit,S3,121,41,0.6585365853658537,0.6662726556343578,0.973170731707317
rest5,fused[hr+eda+temp]:mean_logit,S4,120,40,1.0,1.0,1.0
rest5,fused[hr+eda+temp]:mean_logit,S5,123,40,1.0,1.0,1.0
rest5,fused[hr+eda+temp]:mean_logit,S6,122,41,0.9567901234567902,0.9380935121420805,1.0
rest5,fused[hr+eda+temp]:mean_logit,S7,122,40,1.0,1.0,1.0
rest5,fused[hr+eda+temp]:mean_logit,S8,123,42,0.9382716049382716,0.9139137737961927,1.0
rest5,fused[hr+eda+temp]:mean_logit,S9,122,40,0.9451219512195121,0.9204059441826749,1.0
rest5,fused[hr+eda+temp]:mean_logit,S10,126,45,1.0,1.0,1.0
rest5,fused[hr+eda+temp]:mean_logit,S11,125,43,1.0,1.0,1.0
rest5,fused[hr+eda+temp]:mean_logit,S13,124,42,0.975609756097561,0.9647727272727273,1.0
rest5,fused[hr+eda+temp]:mean_logit,S14,124,42,0.8231707317073171,0.7642740085217962,1.0
rest5,fused[hr+eda+temp]:mean_logit,S15,126,44,0.9817073170731707,0.9741997133301481,1.0
rest5,fused[hr+eda+temp]:mean_logit,S16,125,43,0.8963414634146342,0.8596525989036391,1.0
rest5,fused[hr+eda+temp]:mean_logit,S17,127,46,0.9347826086956521,0.9472591362126246,0.9935587761674718
rest5,fused[hr+eda+temp]:stacked_lr,S2,118,39,0.5512820512820513,0.5023496806844199,0.9954560207724765
rest5,fused[hr+eda+temp]:stacked_lr,S3,121,41,0.6888719512195123,0.7052098950524738,0.9545731707317073
rest5,fused[hr+eda+temp]:stacked_lr,S4,120,40,1.0,1.0,1.0
rest5,fused[hr+eda+temp]:stacked_lr,S5,123,40,1.0,1.0,1.0
rest5,fused[hr+eda+temp]:stacked_lr,S6,122,41,0.9012345679012346,0.8635728263908303,1.0
rest5,fused[hr+eda+temp]:stacked_lr,S7,122,40,1.0,1.0,1.0
rest5,fused[hr+eda+temp]:stacked_lr,S8,123,42,0.8950617283950617,0.8572208945032433,1.0
rest5,fused[hr+eda+temp]:stacked_lr,S9,122,40,0.9024390243902439,0.8626126126126126,0.989939024390244
rest5,fused[hr+eda+temp]:stacked_lr,S10,126,45,1.0,1.0,1.0
rest5,fused[hr+eda+temp]:stacked_lr,S11,125,43,1.0,1.0,1.0
rest5,fused[hr+eda+temp]:stacked_lr,S13,124,42,0.975609756097561,0.9647727272727273,1.0
rest5,fused[hr+eda+temp]:stacked_lr,S14,124,42,0.4663182346109176,0.4648809523809524,0.684959349593496
rest5,fused[hr+eda+temp]:stacked_lr,S15,126,44,0.9573170731707317,0.9408649011062689,0.9955654101995566
rest5,fused[hr+eda+temp]:stacked_lr,S16,125,43,0.8658536585365854,0.8206833594157538,1.0
rest5,fused[hr+eda+temp]:stacked_lr,S17,127,46,0.8695652173913043,0.8905172413793103,0.9970477724100912
rest5,fused[hr+eda]:mean_logit,S2,118,39,0.5,0.4010152284263959,0.9795520934761441
rest5,fused[hr+eda]:mean_logit,S3,121,41,0.6707317073170732,0.6823529411764706,0.9725609756097561
rest5,fused[hr+eda]:mean_logit,S4,120,40,1.0,1.0,1.0
rest5,fused[hr+eda]:mean_logit,S5,123,40,1.0,1.0,1.0
rest5,fused[hr+eda]:mean_logit,S6,122,41,0.9814814814814814,0.9729189789123196,1.0
rest5,fused[hr+eda]:mean_logit,S7,122,40,1.0,1.0,1.0
rest5,fused[hr+eda]:mean_logit,S8,123,42,0.9753086419753086,0.964614499424626,1.0
rest5,fused[hr+eda]:mean_logit,S9,122,40,0.9512195121951219,0.9289044289044288,1.0
rest5,fused[hr+eda]:mean_logit,S10,126,45,1.0,1.0,1.0
rest5,fused[hr+eda]:mean_logit,S11,125,43,0.9069767441860466,0.9254621347644604,0.996596710153148
rest5,fused[hr+eda]:mean_logit,S13,124,42,0.975609756097561,0.9647727272727273,1.0
rest5,fused[hr+eda]:mean_logit,S14,124,42,0.8231707317073171,0.7642740085217962,1.0
rest5,fused[hr+eda]:mean_logit,S15,126,44,0.9512195121951219,0.9326923076923077,0.9997228381374723
rest5,fused[hr+eda]:mean_logit,S16,125,43,0.8536585365853658,0.8051948051948052,1.0
rest5,fused[hr+eda]:mean_logit,S17,127,46,0.8695652173913043,0.8905172413793103,0.9656468062265163
rest5,fused[hr+eda]:stacked_lr,S2,118,39,0.5,0.4010152284263959,0.9873417721518988
rest5,fused[hr+eda]:stacked_lr,S3,121,41,0.6951219512195121,0.7131341868183974,0.9368902439024391
rest5,fused[hr+eda]:stacked_lr,S4,120,40,1.0,1.0,1.0
rest5,fused[hr+eda]:stacked_lr,S5,123,40,1.0,1.0,1.0
rest5,fused[hr+eda]:stacked_lr,S6,122,41,0.962962962962963,0.9466783216783217,1.0
rest5,fused[hr+eda]:stacked_lr,S7,122,40,1.0,1.0,1.0
rest5,fused[hr+eda]:stacked_lr,S8,123,42,0.9567901234567902,0.9389578163771712,1.0
rest5,fused[hr+eda]:stacked_lr,S9,122,40,0.8719512195121951,0.8226130305338226,0.9954268292682926
rest5,fused[hr+eda]:stacked_lr,S10,126,45,1.0,1.0,1.0
rest5,fused[hr+eda]:stacked_lr,S11,125,43,0.9534883720930232,0.9637049941927991,0.9982983550765739
rest5,fused[hr+eda]:stacked_lr,S13,124,42,0.975609756097561,0.9647727272727273,1.0
rest5,fused[hr+eda]:stacked_lr,S14,124,42,0.8231707317073171,0.7642740085217962,0.9889663182346109
rest5,fused[hr+eda]:stacked_lr,S15,126,44,0.9268292682926829,0.9005263157894736,0.9977827050997783
rest5,fused[hr+eda]:stacked_lr,S16,125,43,0.8292682926829269,0.7742518059855521,1.0
rest5,fused[hr+eda]:stacked_lr,S17,127,46,0.9347826086956521,0.9472591362126246,0.9962426194310253
